Sample,genotype_accuracy_hom,genotype_accuracy_het,phasing_accuracy_het
99702211631_GM24631,0.9934,0.9854,0.9919
99702111878_NA12878,0.9954,0.9912,0.9940
99702152385_GM24385,0.9951,0.9887,0.9942
99702152878_NA12878,0.9948,0.9918,0.9940
99702252878_NA12878,0.9935,0.9867,0.9949
99702211385_GM24385,0.9930,0.9845,0.9916
99702252385_GM24385,0.9936,0.9858,0.9938
99702111631_GM24631,0.9960,0.9906,0.9918
99702152631_GM24631,0.9957,0.9913,0.9896
HG002_NT,0.9946,0.9892,0.9930
HG002_TS,0.9947,0.9915,0.9945
99702152631_GM24631_flt02,0.997,0.991,0.990
99702211385_GM24385_flt02,0.994,0.984,0.992
99702152878_NA12878_flt02,0.996,0.992,0.994